	obj1	predicate	obj2	prob	obj1_1	obj1_2	obj1_3	obj1_4	obj2_1	obj2_2	obj2_3	obj2_4
0	leaf	in	room	0.15958817303180695	8.20213508605957	2.624553680419922	61.06365966796875	28.51186752319336	18.943389892578125	12.152084350585938	591.0	434.20159912109375
1	leaf	in	room	0.12848111987113953	11.535430908203125	2.5373687744140625	151.91482543945312	48.747535705566406	18.943389892578125	12.152084350585938	591.0	434.20159912109375
